array,code,name,latitude,longitude,cgm_latitude,cgm_longitude,declination,lshell,mlt_midnight,mlt_ut
CARISMA,ANNA,Ann Arbor,4.241700E+01,2.760980E+02,5.255191E+01,3.506488E+02,-6.663591E+00,2.704782E+00,5.846235E+00,1.815376E+01
CARISMA,BACK,Back Lake,5.770700E+01,2.657940E+02,6.692140E+01,3.350042E+02,-1.403167E+00,6.507918E+00,6.889208E+00,1.711079E+01
CARISMA,CONT,Contwoyto,6.575400E+01,2.487500E+02,7.260416E+01,3.069766E+02,1.512090E+01,1.118769E+01,8.757714E+00,1.524229E+01
CARISMA,DAWS,Dawson City,6.404800E+01,2.208900E+02,6.599253E+01,2.758296E+02,2.061900E+01,6.041144E+00,1.083418E+01,1.316582E+01
CARISMA,ESKI,Eskimo Point,6.110600E+01,2.659500E+02,7.010762E+01,3.347467E+02,-3.127271E+00,8.637585E+00,6.906374E+00,1.709363E+01
CARISMA,FCHP,Fort Chipewyan,5.876900E+01,2.488940E+02,6.601986E+01,3.103429E+02,1.416512E+01,6.054104E+00,8.533295E+00,1.546671E+01
CARISMA,FCHU,Fort Churchill,5.876300E+01,2.659200E+02,6.791906E+01,3.350581E+02,-1.961917E+00,7.076500E+00,6.885615E+00,1.711439E+01
CARISMA,FSIM,Fort Simpson,6.175600E+01,2.387700E+02,6.713581E+01,2.962736E+02,1.957681E+01,6.623847E+00,9.471247E+00,1.452875E+01
CARISMA,FSMI,Fort Smith,6.001700E+01,2.480500E+02,6.707952E+01,3.087686E+02,1.491600E+01,6.593099E+00,8.638245E+00,1.536175E+01
CARISMA,GILL,Gillam,5.637600E+01,2.653600E+02,6.564300E+01,3.345086E+02,-4.823541E-01,5.879206E+00,6.922246E+00,1.707775E+01
CARISMA,GULL,Gull Lake,5.006100E+01,2.517390E+02,5.805013E+01,3.163413E+02,1.115532E+01,3.571067E+00,8.133402E+00,1.586660E+01
CARISMA,ISLL,Island Lake,5.385600E+01,2.653400E+02,6.325736E+01,3.347518E+02,2.071565E-01,4.938627E+00,6.906033E+00,1.709397E+01
CARISMA,LGRR,Little Grand Rapids,5.203500E+01,2.645370E+02,6.147123E+01,3.337472E+02,1.342620E+00,4.384007E+00,6.973005E+00,1.702700E+01
CARISMA,MCMU,Fort McMurray,5.665700E+01,2.487900E+02,6.397236E+01,3.108800E+02,1.386480E+01,5.193467E+00,8.497488E+00,1.550251E+01
CARISMA,MSTK,Ministik Lake,5.335100E+01,2.470260E+02,6.046851E+01,3.095370E+02,1.417080E+01,4.116037E+00,8.587022E+00,1.541298E+01
CARISMA,NORM,Norman Wells,6.525700E+01,2.333110E+02,6.950931E+01,2.879180E+02,2.173943E+01,8.160693E+00,1.002829E+01,1.397171E+01
CARISMA,OSAK,Osakis,4.587100E+01,2.649170E+02,5.559302E+01,3.347564E+02,1.796732E+00,3.131839E+00,6.905728E+00,1.709427E+01
CARISMA,OXFO,Oxford House,5.492900E+01,2.647130E+02,6.423389E+01,3.337072E+02,5.840916E-01,5.292046E+00,6.975674E+00,1.702433E+01
CARISMA,PINA,Pinawa,5.019900E+01,2.639600E+02,5.967393E+01,3.330805E+02,2.135468E+00,3.922421E+00,7.017451E+00,1.698255E+01
CARISMA,POLS,Polson,4.766400E+01,2.457910E+02,5.467596E+01,3.093960E+02,1.355588E+01,2.991189E+00,8.596424E+00,1.540358E+01
CARISMA,RABB,Rabbit Lake,5.822200E+01,2.563200E+02,6.654948E+01,3.208033E+02,8.340599E+00,6.314338E+00,7.835935E+00,1.616407E+01
CARISMA,RANK,Rankin Inlet,6.282400E+01,2.678900E+02,7.178745E+01,3.375717E+02,-6.760384E+00,1.023718E+01,6.718040E+00,1.728196E+01
CARISMA,SACH,Sachs Harbour,7.198000E+01,2.347700E+02,7.611874E+01,2.832062E+02,2.313844E+01,1.737406E+01,1.034241E+01,1.365759E+01
CARISMA,TALO,Taloyoak,6.954000E+01,2.664500E+02,7.785789E+01,3.333186E+02,-1.228598E+01,2.260312E+01,7.001580E+00,1.699842E+01
CARISMA,THRF,Thief River Falls,4.802700E+01,2.636350E+02,5.756410E+01,3.328011E+02,2.646642E+00,3.476116E+00,7.036079E+00,1.696392E+01
CARISMA,VULC,Vulcan,5.036700E+01,2.470200E+02,5.755204E+01,3.102767E+02,1.358348E+01,3.473813E+00,8.537709E+00,1.546229E+01
CARISMA,WEYB,Weyburn,4.969300E+01,2.562000E+02,5.834920E+01,3.223195E+02,8.307644E+00,3.631701E+00,7.734855E+00,1.626515E+01
CARISMA,WGRY,Wells Gray,5.188300E+01,2.399740E+02,5.771459E+01,3.013966E+02,1.640247E+01,3.505052E+00,9.129715E+00,1.487028E+01
CANMOS,ALE,Alert,8.249700E+01,2.976470E+02,8.696087E+01,7.669179E+01,-5.143738E+01,3.557581E+02,1.100347E-01,2.388997E+01
CANMOS,BLC,Baker Lake,6.431800E+01,2.639880E+02,7.296405E+01,3.308962E+02,-2.523320E+00,1.165061E+01,7.163074E+00,1.683693E+01
CANMOS,BRD,Brandon,4.987000E+01,2.600260E+02,5.898803E+01,3.275480E+02,5.463915E+00,3.767206E+00,7.386285E+00,1.661371E+01
CANMOS,CBB,Cambridge Bay,6.912300E+01,2.549690E+02,7.652054E+01,3.139405E+02,7.341368E+00,1.840464E+01,8.293454E+00,1.570655E+01
CANMOS,EUA,Eureka,8.000000E+01,2.741000E+02,8.732264E+01,3.442304E+02,-5.295347E+01,4.582994E+02,6.274128E+00,1.772587E+01
CANMOS,FCC,Fort Churchill,5.875900E+01,2.659120E+02,6.791488E+01,3.350463E+02,-1.950974E+00,7.073954E+00,6.886402E+00,1.711360E+01
CANMOS,GLN,Glenlea,4.964500E+01,2.628800E+02,5.905321E+01,3.315901E+02,3.130205E+00,3.781511E+00,7.116812E+00,1.688319E+01
CANMOS,GWC,Great Whale River,5.530000E+01,2.822500E+02,6.444319E+01,1.579881E-01,-1.611435E+01,5.373137E+00,5.212288E+00,1.878771E+01
CANMOS,IQA,Iqaluit,6.375300E+01,2.914820E+02,7.148888E+01,1.502098E+01,-2.752926E+01,9.920721E+00,4.221422E+00,1.977858E+01
CANMOS,MBC,Mould Bay,7.631500E+01,2.406380E+02,8.087590E+01,2.820365E+02,1.906408E+01,3.976851E+01,1.042039E+01,1.357961E+01
CANMOS,MEA,Meanook,5.461600E+01,2.466530E+02,6.163499E+01,3.087168E+02,1.461088E+01,4.430510E+00,8.641701E+00,1.535830E+01
CANMOS,OTT,Ottawa,4.540300E+01,2.844480E+02,5.474172E+01,2.610767E+00,-1.315885E+01,3.000905E+00,5.048770E+00,1.895123E+01
CANMOS,PBQ,Poste de-la-Baleine,5.527700E+01,2.822550E+02,6.442091E+01,1.637398E-01,-1.610406E+01,5.364410E+00,5.211905E+00,1.878810E+01
CANMOS,RES,Resolute,7.469000E+01,2.651050E+02,8.236932E+01,3.269812E+02,-2.207950E+01,5.671366E+01,7.424074E+00,1.657593E+01
CANMOS,STJ,St. John's,4.759500E+01,3.073230E+02,5.222606E+01,3.141715E+01,-1.833819E+01,2.665142E+00,3.128344E+00,2.087166E+01
CANMOS,SNK,Sanikiluaq,5.650000E+01,2.808000E+02,6.569237E+01,3.580775E+02,-1.579726E+01,5.901657E+00,5.350988E+00,1.864901E+01
CANMOS,VIC,Victoria,4.852000E+01,2.365800E+02,5.371737E+01,2.985083E+02,1.625234E+01,2.855590E+00,9.322266E+00,1.467773E+01
CANMOS,WHS,Whiteshell,4.980000E+01,2.647500E+02,5.935155E+01,3.342481E+02,1.491561E+00,3.848159E+00,6.939617E+00,1.706038E+01
CANMOS,YKC,Yellowknife,6.248000E+01,2.455180E+02,6.901554E+01,3.043670E+02,1.692062E+01,7.797506E+00,8.931685E+00,1.506831E+01
AUTUMNX,FSJ,Fort St. John,5.623000E+01,2.392700E+02,6.184766E+01,2.991740E+02,1.778934E+01,4.492126E+00,9.277887E+00,1.472211E+01
AUTUMNX,AKUL,Akulivik,6.082000E+01,2.818500E+02,6.968794E+01,5.556910E-03,-1.990877E+01,8.298659E+00,5.222450E+00,1.877755E+01
AUTUMNX,ATHA,Athabasca,5.471400E+01,2.466860E+02,6.173603E+01,3.087307E+02,1.461551E+01,4.459609E+00,8.640773E+00,1.535923E+01
AUTUMNX,INUK,Inukjuak,5.847000E+01,2.819500E+02,6.746982E+01,3.599500E+02,-1.803938E+01,6.811097E+00,5.226151E+00,1.877385E+01
AUTUMNX,INUV,Inuvik,6.841300E+01,2.262300E+02,7.127560E+01,2.779151E+02,2.267993E+01,9.703890E+00,1.069515E+01,1.330485E+01
AUTUMNX,KJPK,Kuujjuarapik,5.528000E+01,2.822400E+02,6.442501E+01,1.417997E-01,-1.609535E+01,5.366016E+00,5.213367E+00,1.878663E+01
AUTUMNX,LARG,La,5.515800E+01,2.547390E+02,6.342229E+01,3.193013E+02,9.636291E+00,4.995586E+00,7.936066E+00,1.606393E+01
AUTUMNX,LETH,Lethbridge,4.963700E+01,2.471320E+02,5.685683E+01,3.105861E+02,1.339504E+01,3.345411E+00,8.517083E+00,1.548292E+01
AUTUMNX,PUVR,Puvirnituq,6.005000E+01,2.827100E+02,6.889992E+01,1.249123E+00,-1.985314E+01,7.716131E+00,5.139546E+00,1.886045E+01
AUTUMNX,RADI,Radisson,5.379000E+01,2.823800E+02,6.299481E+01,2.443407E-01,-1.534501E+01,4.850116E+00,5.206531E+00,1.879347E+01
AUTUMNX,REDR,Red,5.214300E+01,2.461610E+02,5.913633E+01,3.087692E+02,1.431651E+01,3.799883E+00,8.638207E+00,1.536179E+01
AUTUMNX,ROTH,Priddis,5.087300E+01,2.456980E+02,5.780950E+01,3.085198E+02,1.424513E+01,3.523515E+00,8.654833E+00,1.534517E+01
AUTUMNX,SALU,Salluit,6.220000E+01,2.843500E+02,7.078428E+01,4.028082E+00,-2.291435E+01,9.231590E+00,4.954282E+00,1.904572E+01
AUTUMNX,SCHF,Schefferville,5.480000E+01,2.931900E+02,6.259335E+01,1.551078E+01,-2.097604E+01,4.719683E+00,4.188769E+00,1.981123E+01
AUTUMNX,SEPT,Spet-Iles,5.022000E+01,2.937300E+02,5.798158E+01,1.560666E+01,-1.880836E+01,3.557409E+00,4.182377E+00,1.981762E+01
AUTUMNX,STFL,Saint-Felicien,4.865000E+01,2.875500E+02,5.746159E+01,7.170247E+00,-1.594369E+01,3.456635E+00,4.744804E+00,1.925520E+01
AUTUMNX,VLDR,Val-d'Or,4.805000E+01,2.822200E+02,5.752305E+01,3.596494E+02,-1.268599E+01,3.468292E+00,5.246196E+00,1.875380E+01
DTU,AMK,Tasiilaq,6.560000E+01,3.223700E+02,6.840323E+01,5.226087E+01,-2.295814E+01,7.381323E+00,1.738763E+00,2.226124E+01
DTU,ATU,Attu,6.793000E+01,3.064300E+02,7.333530E+01,3.685865E+01,-3.093122E+01,1.215994E+01,2.765577E+00,2.123442E+01
DTU,BFE,Brorfelde,5.562500E+01,1.167200E+01,5.215181E+01,8.895799E+01,2.753530E+00,2.656255E+00,2.329229E+01,7.077123E-01
DTU,DMH,Danmarkshavn,7.677000E+01,3.413700E+02,7.708322E+01,8.190096E+01,-1.736253E+01,2.001275E+01,2.376276E+01,2.372434E-01
DTU,FHB,Paamiut,6.200000E+01,3.103200E+02,6.676547E+01,3.814325E+01,-2.505165E+01,6.425623E+00,2.679937E+00,2.132006E+01
DTU,GDH,Qeqertarsuaq,6.925000E+01,3.064700E+02,7.460521E+01,3.791450E+01,-3.215150E+01,1.418973E+01,2.695187E+00,2.130481E+01
DTU,GHB,Nuuk,6.417000E+01,3.082700E+02,6.932403E+01,3.681553E+01,-2.721650E+01,8.021355E+00,2.768452E+00,2.123155E+01
DTU,HOV,Faroe Islands,6.150000E+01,3.532400E+02,5.983034E+01,7.621643E+01,-5.618366E+00,3.959318E+00,1.417251E-01,2.385827E+01
DTU,KUV,Kullorsuaq,7.457000E+01,3.028200E+02,8.010229E+01,3.968015E+01,-3.890326E+01,3.384541E+01,2.577477E+00,2.142252E+01
DTU,NAQ,Narsarsuaq,6.116000E+01,3.145600E+02,6.511987E+01,4.230410E+01,-2.320556E+01,5.649515E+00,2.402548E+00,2.159745E+01
DTU,NRD,Nord,8.160000E+01,3.433300E+02,8.119479E+01,9.823093E+01,-1.735077E+01,4.267639E+01,2.267409E+01,1.325908E+00
DTU,NRSQ,Narsarsuaq,6.116200E+01,3.145580E+02,6.512233E+01,4.230283E+01,-2.320749E+01,5.650562E+00,2.402632E+00,2.159737E+01
DTU,ROE,Romo,5.517200E+01,8.550000E+00,5.171564E+01,8.619113E+01,1.682307E+00,2.605113E+00,2.347675E+01,5.232549E-01
DTU,SCO,Ittoqqortoormiit,7.048000E+01,3.380300E+02,7.121417E+01,7.005890E+01,-1.716018E+01,9.642802E+00,5.522275E-01,2.344777E+01
DTU,SKT,Maniitsoq,6.542000E+01,3.071000E+02,7.076579E+01,3.610436E+01,-2.853849E+01,9.214516E+00,2.815864E+00,2.118414E+01
DTU,STF,Kangerlussuaq,6.702000E+01,3.092800E+02,7.199131E+01,3.957199E+01,-2.925907E+01,1.046236E+01,2.584688E+00,2.141531E+01
DTU,SUM,Summit Ice Cap,7.232000E+01,3.217000E+02,7.528806E+01,5.763924E+01,-2.777364E+01,1.550497E+01,1.380204E+00,2.261980E+01
DTU,SVS,Savissivik,7.602000E+01,2.949000E+02,8.240047E+01,3.061326E+01,-4.334917E+01,5.717690E+01,3.181936E+00,2.081806E+01
DTU,TAB,Thule Air Base ,7.954000E+01,2.911800E+02,8.581035E+01,3.603839E+01,-5.003513E+01,1.873547E+02,2.820261E+00,2.117974E+01
DTU,TDC,Tristan Da Cunha ,-3.706800E+01,3.476830E+02,-4.073602E+01,5.036198E+01,-2.318468E+01,1.741717E+00,1.865355E+00,2.213464E+01
DTU,THL,Qaanaaq,7.747000E+01,2.907700E+02,8.412137E+01,2.672106E+01,-4.663063E+01,9.532722E+01,3.441417E+00,2.055858E+01
DTU,UMQ,Uummannaq,7.068000E+01,3.078700E+02,7.576433E+01,4.090359E+01,-3.302377E+01,1.653653E+01,2.495915E+00,2.150409E+01
DTU,UPN,Upernavik,7.278000E+01,3.038500E+02,7.832149E+01,3.831119E+01,-3.657397E+01,2.440580E+01,2.668742E+00,2.133126E+01
IMAGE,NAL,Ny Alesund,7.892000E+01,1.195000E+01,7.651253E+01,1.079660E+02,4.572647E+00,1.838321E+01,2.202508E+01,1.974915E+00
IMAGE,LYR,Longyearbyen,7.820000E+01,1.582000E+01,7.558962E+01,1.092054E+02,7.252924E+00,1.614622E+01,2.194246E+01,2.057539E+00
IMAGE,HOR,Hornsund,7.700000E+01,1.560000E+01,7.444409E+01,1.070137E+02,6.893835E+00,1.390439E+01,2.208858E+01,1.911424E+00
IMAGE,HOP,Hopen Island,7.651000E+01,2.501000E+01,7.347465E+01,1.131319E+02,1.312502E+01,1.236005E+01,2.168069E+01,2.319308E+00
IMAGE,BJN,Bear Island,7.450000E+01,1.920000E+01,7.178571E+01,1.062985E+02,8.801213E+00,1.023529E+01,2.213625E+01,1.863748E+00
IMAGE,NOR,Nordkapp,7.109000E+01,2.579000E+01,6.808135E+01,1.082111E+02,1.179458E+01,7.176419E+00,2.200875E+01,1.991251E+00
IMAGE,SOR,Soroya,7.054000E+01,2.222000E+01,6.766885E+01,1.049333E+02,9.629031E+00,6.926698E+00,2.222727E+01,1.772733E+00
IMAGE,ALT,Alta,6.986000E+01,2.296000E+01,6.694918E+01,1.050236E+02,9.848910E+00,6.522759E+00,2.222125E+01,1.778753E+00
IMAGE,KEV,Kevo,6.976000E+01,2.701000E+01,6.669918E+01,1.082342E+02,1.198949E+01,6.391141E+00,2.200721E+01,1.992791E+00
IMAGE,TRO,Tromso,6.966000E+01,1.894000E+01,6.691606E+01,1.016556E+02,7.579597E+00,6.505071E+00,2.244578E+01,1.554219E+00
IMAGE,MAS,Masi,6.946000E+01,2.370000E+01,6.651436E+01,1.053407E+02,1.013255E+01,6.296535E+00,2.220011E+01,1.799893E+00
IMAGE,AND,Andenes,6.930000E+01,1.603000E+01,6.668447E+01,9.907242E+01,5.885650E+00,6.383524E+00,2.261799E+01,1.382008E+00
IMAGE,KIL,Kilpisjärvi,6.906000E+01,2.077000E+01,6.622287E+01,1.026989E+02,8.448268E+00,6.151796E+00,2.237623E+01,1.623770E+00
IMAGE,KAU,Kautokeino,6.902000E+01,2.305000E+01,6.609145E+01,1.045161E+02,9.657974E+00,6.088271E+00,2.225508E+01,1.744920E+00
IMAGE,IVA,Ivalo,6.856000E+01,2.729000E+01,6.547731E+01,1.076902E+02,1.169999E+01,5.804858E+00,2.204347E+01,1.956528E+00
IMAGE,ABK,Abisko,6.835000E+01,1.882000E+01,6.557672E+01,1.006485E+02,7.242769E+00,5.849285E+00,2.251292E+01,1.487080E+00
IMAGE,LEK,Leknes,6.813000E+01,1.354000E+01,6.559947E+01,9.626237E+01,4.352841E+00,5.859529E+00,2.280533E+01,1.194671E+00
IMAGE,MUO,Muonio,6.802000E+01,2.353000E+01,6.505311E+01,1.042687E+02,9.620278E+00,5.621240E+00,2.227157E+01,1.728427E+00
IMAGE,LOZ,Lovozero,6.797000E+01,3.508000E+01,6.468012E+01,1.138724E+02,1.515071E+01,5.467382E+00,2.163133E+01,2.368674E+00
IMAGE,KIR,Kiruna,6.784000E+01,2.042000E+01,6.498520E+01,1.016180E+02,7.974202E+00,5.592714E+00,2.244829E+01,1.551713E+00
IMAGE,RST,Rost,6.752000E+01,1.209000E+01,6.503920E+01,9.469597E+01,3.508914E+00,5.615380E+00,2.290976E+01,1.090244E+00
IMAGE,SOD,Sodankylä,6.737000E+01,2.663000E+01,6.428844E+01,1.064461E+02,1.095344E+01,5.312991E+00,2.212641E+01,1.873586E+00
IMAGE,PEL,Pello,6.690000E+01,2.408000E+01,6.388705E+01,1.040674E+02,9.566163E+00,5.161954E+00,2.228500E+01,1.715003E+00
IMAGE,JCK,Jackvik,6.640000E+01,1.698000E+01,6.363404E+01,9.795193E+01,5.932804E+00,5.070287E+00,2.269269E+01,1.307308E+00
IMAGE,DON,Donna,6.611000E+01,1.250000E+01,6.353677E+01,9.414890E+01,3.617948E+00,5.035750E+00,2.294623E+01,1.053772E+00
IMAGE,RAN,Ranua,6.590000E+01,2.641000E+01,6.279185E+01,1.054808E+02,1.035016E+01,4.783447E+00,2.219076E+01,1.809235E+00
IMAGE,RVK,Rorvik,6.494000E+01,1.098000E+01,6.237389E+01,9.225410E+01,2.779917E+00,4.650782E+00,2.307255E+01,9.274523E-01
IMAGE,LYC,Lycksele,6.461000E+01,1.875000E+01,6.169207E+01,9.844270E+01,6.481495E+00,4.446910E+00,2.265997E+01,1.340026E+00
IMAGE,OUJ,Oulujärvi,6.452000E+01,2.723000E+01,6.135357E+01,1.055171E+02,1.024636E+01,4.351092E+00,2.218835E+01,1.811655E+00
IMAGE,MEK,Mekrijärvi,6.277000E+01,3.097000E+01,5.948497E+01,1.080162E+02,1.110642E+01,3.878604E+00,2.202174E+01,1.978259E+00
IMAGE,HAN,Hankasalmi,6.225000E+01,2.660000E+01,5.901840E+01,1.040291E+02,9.244532E+00,3.773859E+00,2.228755E+01,1.712454E+00
IMAGE,DOB,Dombas,6.207000E+01,9.110000E+00,5.937870E+01,8.928737E+01,1.832035E+00,3.854323E+00,2.327033E+01,7.296709E-01
IMAGE,SOL,Solund,6.108000E+01,4.840000E+00,5.851560E+01,8.535798E+01,-6.150764E-02,3.666197E+00,2.353229E+01,4.677115E-01
IMAGE,NUR,Nurmijärvi,6.050000E+01,2.465000E+01,5.722071E+01,1.016957E+02,8.000003E+00,3.411588E+00,2.244311E+01,1.556895E+00
IMAGE,HAR,Harestua,6.021000E+01,1.071000E+01,5.727724E+01,8.979572E+01,2.506369E+00,3.422069E+00,2.323644E+01,7.635603E-01
IMAGE,UPS,Uppsala,5.990000E+01,1.735000E+01,5.672768E+01,9.522900E+01,5.137033E+00,3.322449E+00,2.287422E+01,1.125779E+00
IMAGE,KAR,Karmoy,5.921000E+01,5.240000E+00,5.641425E+01,8.489238E+01,2.447369E-01,3.267835E+00,2.356333E+01,4.366714E-01
IMAGE,TAR,Tartu,5.826000E+01,2.646000E+01,5.483802E+01,1.025452E+02,8.013408E+00,3.015234E+00,2.238648E+01,1.613523E+00
IMAGE,BRZ,Birzai,5.617000E+01,2.486000E+01,5.261981E+01,1.005337E+02,6.988482E+00,2.713175E+00,2.252057E+01,1.479428E+00
IMAGE,HLP,Hel,5.461000E+01,1.882000E+01,5.093323E+01,9.479487E+01,4.929697E+00,2.517722E+00,2.290316E+01,1.096837E+00
IMAGE,SUW,Suwałki,5.401000E+01,2.318000E+01,5.028152E+01,9.848229E+01,6.060669E+00,2.448932E+00,2.265733E+01,1.342665E+00
IMAGE,WNG,Wingst,5.374000E+01,9.070000E+00,5.005957E+01,8.619267E+01,1.874931E+00,2.426288E+00,2.347664E+01,5.233575E-01
IMAGE,NGK,Niemegk,5.207000E+01,1.268000E+01,4.809018E+01,8.880264E+01,2.948849E+00,2.241295E+00,2.330264E+01,6.973555E-01
IMAGE,PPN,Polesie,5.145000E+01,2.313000E+01,4.747233E+01,9.785063E+01,5.591291E+00,2.188647E+00,2.269945E+01,1.300555E+00
GIMA,ARCT,Arctic Village,6.813300E+01,2.144330E+02,6.894249E+01,2.670141E+02,1.991742E+01,7.745935E+00,1.142188E+01,1.257812E+01
GIMA,BETT,Bettles,6.690100E+01,2.084460E+02,6.670112E+01,2.627839E+02,1.747092E+01,6.392146E+00,1.170389E+01,1.229611E+01
GIMA,CIGO,College Int'l Geophysical Observatory,6.487300E+01,2.121400E+02,6.524476E+01,2.672945E+02,1.842446E+01,5.703024E+00,1.140319E+01,1.259681E+01
GIMA,EAGL,Eagle,6.478000E+01,2.188380E+02,6.634655E+01,2.734283E+02,2.036265E+01,6.212555E+00,1.099426E+01,1.300574E+01
GIMA,FYKN,Fort Yukon,6.656000E+01,2.147860E+02,6.741674E+01,2.685226E+02,1.967022E+01,6.780783E+00,1.132131E+01,1.267869E+01
GIMA,GAKO,Gakona,6.239300E+01,2.148700E+02,6.320677E+01,2.711457E+02,1.872975E+01,4.921370E+00,1.114644E+01,1.285356E+01
GIMA,HLMS,High Latitude Monitoring Station,6.123500E+01,2.101280E+02,6.116946E+01,2.675016E+02,1.700440E+01,4.300395E+00,1.138938E+01,1.261062E+01
GIMA,HOMR,Homer,5.965800E+01,2.083490E+02,5.923933E+01,2.666687E+02,1.610968E+01,3.822858E+00,1.144491E+01,1.255509E+01
GIMA,KAKO,Kaktovik,7.013500E+01,2.163500E+02,7.126142E+01,2.669195E+02,2.098983E+01,9.689729E+00,1.142819E+01,1.257181E+01
GIMA,KENA,Kenai College,6.055400E+01,2.087420E+02,6.022693E+01,2.666114E+02,1.640336E+01,4.055515E+00,1.144872E+01,1.255128E+01
GIMA,POKR,Poker Flat,6.511900E+01,2.125670E+02,6.556962E+01,2.675171E+02,1.862179E+01,5.846093E+00,1.138835E+01,1.261165E+01
GIMA,TRAP,Trapper Creek,6.224000E+01,2.095800E+02,6.210368E+01,2.665284E+02,1.700682E+01,4.568188E+00,1.145426E+01,1.254574E+01
MACCS,NAN,Nain,5.640000E+01,2.983000E+02,6.329978E+01,2.239761E+01,-2.272648E+01,4.953175E+00,3.729647E+00,2.027035E+01
MACCS,PGG,Pangnirtung,6.610000E+01,2.942000E+02,7.336720E+01,1.976521E+01,-3.048739E+01,1.220530E+01,3.905140E+00,2.009486E+01
MACCS,CRV,Clyde River,7.050000E+01,2.914000E+02,7.780731E+01,1.795828E+01,-3.570993E+01,2.241876E+01,4.025602E+00,1.997440E+01
MACCS,CDR,Cape Dorset,6.420000E+01,2.834000E+02,7.273042E+01,2.862913E+00,-2.445262E+01,1.134681E+01,5.031960E+00,1.896804E+01
MACCS,IGL,Igloolik,6.930000E+01,2.782000E+02,7.770905E+01,3.548469E+02,-2.763076E+01,2.206715E+01,5.566360E+00,1.843364E+01
MACCS,CHB,Coral Harbour,6.418800E+01,2.766500E+02,7.308011E+01,3.519020E+02,-1.874069E+01,1.180624E+01,5.762686E+00,1.823731E+01
MACCS,RBY,Repulse Bay,6.652400E+01,2.737690E+02,7.527500E+01,3.469881E+02,-1.842613E+01,1.547809E+01,6.090281E+00,1.790972E+01
MACCS,PEB,Pelly Bay,6.853800E+01,2.702110E+02,7.708106E+01,3.404352E+02,-1.662405E+01,2.000616E+01,6.527138E+00,1.747286E+01
MACCS,GJO,Gjoa Haven,6.863300E+01,2.641500E+02,7.691234E+01,3.296283E+02,-7.016569E+00,1.950239E+01,7.247600E+00,1.675240E+01
McMAC,AMER,Americus,3.850000E+01,2.637000E+02,4.835897E+01,3.334900E+02,3.100863E+00,2.264959E+00,6.990153E+00,1.700985E+01
McMAC,BENN,Bennington,4.136000E+01,2.628400E+02,5.105109E+01,3.321777E+02,3.615725E+00,2.530543E+00,7.077639E+00,1.692236E+01
McMAC,GLYN,Glyndon,4.687000E+01,2.635500E+02,5.644386E+01,3.327720E+02,2.813051E+00,3.272929E+00,7.038018E+00,1.696198E+01
McMAC,LRES,Linares,2.480000E+01,2.604000E+02,3.451409E+01,3.301163E+02,5.018262E+00,1.472853E+00,7.215066E+00,1.678493E+01
McMAC,LYFD,Lyford,2.640000E+01,2.622000E+02,3.634717E+01,3.321694E+02,4.150497E+00,1.541462E+00,7.078196E+00,1.692180E+01
McMAC,PCEL,Purcell,3.500000E+01,2.626000E+02,4.483254E+01,3.322285E+02,3.860071E+00,1.988377E+00,7.074253E+00,1.692575E+01
McMAC,RICH,Richardson,3.298000E+01,2.622500E+02,4.281568E+01,3.318890E+02,4.074809E+00,1.858437E+00,7.096891E+00,1.690311E+01
McMAC,SATX,San Antonio,2.944000E+01,2.613900E+02,3.923110E+01,3.310147E+02,4.542161E+00,1.666647E+00,7.155174E+00,1.684483E+01
McMAC,WRTH,Worthington,4.360000E+01,2.644000E+02,5.336275E+01,3.341696E+02,2.378036E+00,2.808148E+00,6.944848E+00,1.705515E+01
THEMIS,BMLS,Bay Mills,4.648000E+01,2.753100E+02,5.644931E+01,3.496326E+02,-7.017569E+00,3.273868E+00,5.913979E+00,1.808602E+01
THEMIS,CCNV,Carson City,3.919000E+01,2.402200E+02,4.524906E+01,3.048952E+02,1.339570E+01,2.017540E+00,8.896476E+00,1.510352E+01
THEMIS,CHBG,Chibougamau,4.981400E+01,2.855810E+02,5.884831E+01,4.532851E+00,-1.541516E+01,3.736849E+00,4.920631E+00,1.907937E+01
THEMIS,DRBY,Derby,4.495000E+01,2.878700E+02,5.382697E+01,7.283568E+00,-1.478392E+01,2.870540E+00,4.737250E+00,1.926275E+01
THEMIS,GBAY,Goose Bay,5.331600E+01,2.995400E+02,5.996405E+01,2.336662E+01,-2.107497E+01,3.991322E+00,3.665046E+00,2.033495E+01
THEMIS,HOTS,Hot Springs,4.759000E+01,2.453400E+02,5.451954E+01,3.088691E+02,1.370849E+01,2.968296E+00,8.631548E+00,1.536845E+01
THEMIS,KAPU,Kapuskasing,4.939200E+01,2.776800E+02,5.913248E+01,3.531540E+02,-9.847394E+00,3.799029E+00,5.679220E+00,1.832078E+01
THEMIS,KIAN,Kiana,6.697100E+01,1.995620E+02,6.542344E+01,2.554945E+02,1.359723E+01,5.781012E+00,1.218985E+01,1.181015E+01
THEMIS,KUUJ,Kuujjuaq,5.810000E+01,2.916000E+02,6.605162E+01,1.389682E+01,-2.267844E+01,6.069223E+00,4.296366E+00,1.970363E+01
THEMIS,LOYS,Loysburg,4.018000E+01,2.816200E+02,5.005872E+01,3.583003E+02,-1.002932E+01,2.426202E+00,5.336132E+00,1.866387E+01
THEMIS,MCGR,Mcgrath,6.295300E+01,2.044040E+02,6.196935E+01,2.617605E+02,1.515879E+01,4.528016E+00,1.177212E+01,1.222788E+01
THEMIS,PGEO,Prince George,5.381500E+01,2.371720E+02,5.906195E+01,2.975699E+02,1.758433E+01,3.783434E+00,9.384825E+00,1.461517E+01
THEMIS,PINE,Pine Ridge,4.308000E+01,2.574100E+02,5.207900E+01,3.248161E+02,7.206219E+00,2.647592E+00,7.568412E+00,1.643159E+01
THEMIS,PTRS,Petersburg,5.681000E+01,2.270500E+02,5.997278E+01,2.855079E+02,1.928157E+01,3.993426E+00,1.018896E+01,1.381104E+01
THEMIS,RMUS,Remus,4.366000E+01,2.748600E+02,5.377100E+01,3.489234E+02,-5.975506E+00,2.862888E+00,5.961261E+00,1.803874E+01
THEMIS,SNAP,Snap Lake,6.358000E+01,2.491300E+02,7.062610E+01,3.086973E+02,1.466773E+01,9.087129E+00,8.642998E+00,1.535700E+01
THEMIS,SWNO,Shawano,4.478000E+01,2.714000E+02,5.484862E+01,3.439894E+02,-3.401408E+00,3.016818E+00,6.290197E+00,1.770980E+01
THEMIS,TPAS,The Pas,5.399400E+01,2.590590E+02,6.284015E+01,3.255950E+02,6.089074E+00,4.799176E+00,7.516489E+00,1.648351E+01
THEMIS,UKIA,Ukiah,4.514000E+01,2.410700E+02,5.128412E+01,3.044487E+02,1.448778E+01,2.556244E+00,8.926242E+00,1.507376E+01
THEMIS,WHIT,Whitehorse,6.101000E+01,2.247770E+02,6.370342E+01,2.813219E+02,2.034977E+01,5.095160E+00,1.046802E+01,1.353198E+01
USGS,BOU,Boulder,4.014000E+01,2.547630E+02,4.881115E+01,3.217895E+02,8.485520E+00,2.305853E+00,7.770188E+00,1.622981E+01
USGS,BRW,Point Barrow,7.132000E+01,2.033800E+02,7.047230E+01,2.549552E+02,1.602138E+01,8.950031E+00,1.222581E+01,1.177419E+01
USGS,BSL,NASA Stennis Space Center,3.035000E+01,2.703640E+02,4.097742E+01,3.424258E+02,-8.312192E-01,1.754458E+00,6.394435E+00,1.760556E+01
USGS,CMO,Fairbanks,6.487000E+01,2.121400E+02,6.524170E+01,2.672963E+02,1.842382E+01,5.701703E+00,1.140307E+01,1.259693E+01
USGS,DED,Dead Horse,7.036000E+01,2.112070E+02,7.065848E+01,2.622499E+02,1.923047E+01,9.116408E+00,1.173949E+01,1.226051E+01
USGS,FRD,Corbin,3.820000E+01,2.826270E+02,4.806857E+01,3.595497E+02,-1.021462E+01,2.239413E+00,5.252842E+00,1.874716E+01
USGS,FRN,Fresno,3.709000E+01,2.402870E+02,4.319290E+01,3.054438E+02,1.294792E+01,1.881400E+00,8.859903E+00,1.514010E+01
USGS,GUA,Dededo,1.359000E+01,1.448690E+02,9.561749E+00,2.169316E+02,9.986900E-01,1.028376E+00,1.476071E+01,9.239287E+00
USGS,HON,Honolulu,2.132000E+01,2.020000E+02,2.227381E+01,2.709741E+02,9.615612E+00,1.167769E+00,1.115788E+01,1.284212E+01
USGS,NEW,Colville National Forest,4.827000E+01,2.428770E+02,5.472235E+01,3.057743E+02,1.468551E+01,2.998038E+00,8.837869E+00,1.516213E+01
USGS,SHU,Sand Point,5.538000E+01,1.995360E+02,5.338214E+01,2.607732E+02,1.226543E+01,2.810706E+00,1.183794E+01,1.216206E+01
USGS,SIT,Sitka,5.706000E+01,2.246730E+02,5.973984E+01,2.829893E+02,1.920942E+01,3.937898E+00,1.035687E+01,1.364313E+01
USGS,SJG,Cayey,1.811000E+01,2.938500E+02,2.707383E+01,1.186894E+01,-1.278918E+01,1.261274E+00,4.431558E+00,1.956844E+01
USGS,TUC,Tucson,3.217000E+01,2.492660E+02,3.999882E+01,3.163920E+02,9.810893E+00,1.704029E+00,8.130022E+00,1.586998E+01
PENGUIN,PG0,Antarctica,-8.367000E+01,8.868100E+01,-7.870554E+01,3.814359E+01,-1.102179E+02,2.607035E+01,2.679915E+00,2.132009E+01
PENGUIN,PG1,Antarctica,-8.550100E+01,7.719900E+01,-7.692842E+01,3.335775E+01,-1.006928E+02,1.954956E+01,2.998971E+00,2.100103E+01
PENGUIN,PG2,Antarctica,-8.441900E+01,5.795600E+01,-7.562687E+01,3.901104E+01,-7.952554E+01,1.622826E+01,2.622085E+00,2.137792E+01
PENGUIN,PG3,Antarctica,-8.481000E+01,3.762000E+01,-7.390773E+01,3.661069E+01,-6.034742E+01,1.301549E+01,2.782108E+00,2.121789E+01
PENGUIN,PG4,Antarctica,-8.334000E+01,1.225000E+01,-7.119464E+01,3.628565E+01,-3.557730E+01,9.623506E+00,2.803777E+00,2.119622E+01
PENGUIN,PG5,Antarctica,-8.196000E+01,5.710000E+00,-6.980815E+01,3.714441E+01,-2.892065E+01,8.393577E+00,2.746527E+00,2.125347E+01
